Time,Project,User,Question,Answer,Rating,Context_Files
2025-12-03 11:52:58.380458,AI_ReNe,Dev User,ì˜¤ë¥˜ë‚˜ ê°œì„  ì‚¬í•­ì´ ìˆëŠ” ì§€ í™•ì¸í•´ì¤˜,"ğŸ˜Š Hi there! As the tech lead for this project, I'll be happy to help you understand the overall architecture and structure of our AI-powered recruitment platform.

**Overview**

Our platform is built using Python as the primary language, with a modular design that allows us to separate concerns and reuse code. The main components are:

1. **Main**: This contains the entry point for our application, which handles user requests and dispatches them to the relevant services.
2. **Agents**: These are responsible for processing user input, such as chatbot logic, company JD parsing, and interview scheduling.
3. **API**: Our API layer provides endpoints for interacting with our platform, including authentication, file uploads, and interview scheduling.
4. **Core**: This contains shared libraries and utilities that can be used across the platform.
5. **Models**: These are machine learning models used for various tasks, such as natural language processing (NLP) and computer vision.
6. **Services**: These provide specific functionality, like authentication, file uploads, and interview scheduling.

**Directory Structure**

Let's break down the directory structure:
```plain
AI_ReNe/
main.py
pyproject.toml
README.md
uv.lock
data/
datasets/
logs/
models/
notebooks/
stt_test.ipynb
scripts/
generate_sample_audio.py
src/
main.py
__init__.py
agents/
chat_agent.py
company_jd_parser_agent.py
interview_agent.py
p2p_auditor_agent.py
seeker_file_upload_agent.py
__init__.py
tools/
file_text_extractor.py
__init__.py
__pycache__/
...
api/
deps.py
__init__.py
endpoints/
auth.py
main.py
non_contact_interview.py
rene_interview_api.py
temp.py
__init__.py
meeting_tool/
meeting_tool_app.py
static/
index.html
meeting_tool_index.html
core/
config.py
database.py
__init__.py
models/
documnet.py
interview.py
user.py
vector_mapping.py
__init__.py
prompts/
company_jd_parser_prompts.py
Corperate_Recruiter.md
Job_Seeker_Avatar.md
...
repositories/
company_repository.py
jobseeker_repository.py
__init__.py
schemas/
__init__.py
beginning_rene_schemas/
beginning_rene_response_dto.py
company_schemas/
company_file_upload_schemas.py
...
services/
__init__.py
auth_service/
auth_service.py
file_upload_service/
company_file_upload_service.py
seeker_file_upload_service.py
interview_service/
interview_service.py
meeting_tool_service/
meeting_tool_service.py
stt_service/
faster_whisper_service.py
insanely_fast_whisper_service.py
whisper_korean_stt_service.py
...
utils/
file_storage_utils.py
google_utils.py
__init__.py
tests/
test_auth_service.py
test_file_upload_services.py
test_integration_services.py
test_interview_service.py
...
```
**Key Components**

Let me highlight some key components:

1. **Agents**: These are the heart of our platform, handling user interactions and processing requests.
2. **API**: Our API layer provides a RESTful interface for interacting with our platform.
3. **Core**: This contains shared libraries and utilities that can be used across the platform.
4. **Models**: These machine learning models power various features, such as NLP and computer vision.

**How it all connects**

Our platform is designed to be modular, allowing us to connect different components seamlessly. For example:

1. The **Agents** talk to each other using a message broker (not shown).
2. The **API** layer interacts with the **Core** libraries and utilities.
3. The **Models** are used by various services, such as the **interview_service**.

I hope this helps you understand our project structure! If you have any questions or need further clarification, please don't hesitate to ask. ğŸ˜Š",Bad,"['src\\utils\\__init__.py', 'src\\core\\__init__.py', 'src\\prompts\\__init__.py', 'tests\\fixtures\\jd_startup_fullstack.txt', 'src\\agents\\tools\\__init__.py', 'src\\services\\__init__.py', 'src\\prompts\\meeting_tool_prompts.py']"
2025-12-03 11:55:17.793506,AI_ReNe,Dev User,ê³ ë„í™”ë‚˜ í™•ì¥ì„ ìœ„í•œ ë°©ì•ˆì„ ì œì•ˆí•´ì¤˜.,"I'm excited to help! ğŸ˜Š As the tech lead of this project, I'll provide a comprehensive overview of the architecture and suggest high-level ideas for future development or expansion.

**Project Structure:**
The project is divided into several directories and subdirectories. The main directory contains the project's core components, such as the `api`, `core`, `models`, `prompts`, and `utils` directories. Each of these directories has its own set of Python files, including agents, endpoints, services, and utilities.

**Core Components:**

* **API**: This directory contains the API endpoints that interact with the various components. The endpoints are defined in the `endpoints` directory.
* **Core**: This directory contains the core logic of the project, including configuration, database, and model files.
* **Models**: This directory contains the data models used throughout the project.
* **Prompts**: This directory contains pre-defined prompts for various agents.

**Services:**
The project has several services that provide specific functionality. These include:
* **Auth Service**: Handles authentication and authorization.
* **File Upload Service**: Manages file uploads and downloads.
* **Interview Service**: Provides interview-related functionalities.
* **Meeting Tool Service**: Offers meeting-related tools.
* **STT Service**: Performs speech-to-text conversions using various algorithms.

**Agent-Based Architecture:**
The project uses an agent-based architecture, where each agent is responsible for specific tasks. These agents include:
* **Chat Agent**: Handles chat-based interactions.
* **Company JD Parser Agent**: Parses job descriptions and extracts relevant information.
* **Interview Agent**: Conducts interviews with candidates.
* **P2P Auditor Agent**: Audits peer-to-peer (P2P) interactions.

**Integration:**
The project's various components are integrated through a combination of APIs, services, and utilities. For example, the `api` directory contains endpoints that interact with the `agents`, while the `services` directory provides specific functionality for each agent.

**Suggestions for Future Development or Expansion:**

* **Enhance Integration:** Further integrate the project's various components to improve overall performance and scalability.
* **Add More Agents:** Develop additional agents to support new features and functionalities.
* **Improve Services:** Enhance the services provided by the project, such as improving speech-to-text accuracy.
* **Expand API Endpoints:** Add more endpoints to the API to support new features and functionalities.

**Conclusion:**
The AI ReNe project is a complex system with multiple components working together. By understanding the project's architecture and structure, we can identify areas for improvement and expansion. As the tech lead, I'm excited to help develop this project further and explore new possibilities! ğŸ’»",Bad,"['src\\utils\\__init__.py', 'src\\agents\\tools\\__init__.py', 'src\\__init__.py', 'tests\\fixtures\\jd_startup_fullstack.txt', 'src\\prompts\\__init__.py', 'src\\prompts\\company_jd_parser_prompts.py', 'src\\core\\__init__.py']"
2025-12-03 12:11:18.889654,AI_ReNe,Dev User,ë‚˜ëŠ” íŒŒì´ì¬ë§Œ ì‚¬ìš©í•´ë´ì„œ ë‹¤ë¥¸ ê±´ ì˜ ëª¨ë¥´ëŠ”ë° ì´í•´í•˜ê¸° ì‰½ê²Œ ì„¤ëª…í•´ì¤„ë˜?,"```json
{
  ""global"": {
    ""ì¼ì"": ""íšŒì˜ë¡ì— ì íŒ ì¼ì"",
    ""êµ¬ë¶„"": ""ì „ì—­"",
    ""DONE"": ""íŒ€ì› ì „ì²´ê°€ ì™„ë£Œí•œ ì¼ ìš”ì•½"",
    ""TO DO"": ""íŒ€ì› ì „ì²´ê°€ í•´ì•¼ í•  ì¼ ìš”ì•½"",
    ""ISSUE"": ""íŒ€ì› ì „ì²´ì˜ ì´ìŠˆ ì‚¬í•­ ìš”ì•½""
  },
  ""ai_team"": {
    ""ì¼ì"": ""íšŒì˜ë¡ì— ì íŒ ì¼ì"",
    ""êµ¬ë¶„"": ""AI"",
    ""DONE"": [
      {""name"": ""ì—…ë¬´ 1"", ""task"": ""ì™„ë£Œí•œ ì‘ì—… ë‚´ìš©""},
      {""name"": ""ì—…ë¬´ 2"", ""task"": ""ì™„ë£Œí•œ ì‘ì—… ë‚´ìš©""},
      {""name"": ""ì—…ë¬´ 3"", ""task"": ""ì™„ë£Œí•œ ì‘ì—… ë‚´ìš©""}
    ],
    ""TO DO"": [
      {""name"": ""ì—…ë¬´ 1"", ""task"": ""í•´ì•¼í•  ì‘ì—… ë‚´ìš©""},
      {""name"": ""ì—…ë¬´ 2"", ""task"": ""í•´ì•¼í•  ì‘ì—… ë‚´ìš©""},
      {""name"": ""ì—…ë¬´ 3"", ""task"": ""í•´ì•¼í•  ì‘ì—… ë‚´ìš©""}
    ],
    ""ISSUE"": [
      {""name"": ""ì´ìŠˆ 1"", ""task"": ""ë°œìƒí•œ ì´ìŠˆ ë‚´ìš©""},
      {""name"": ""ì´ìŠˆ 2"", ""task"": ""ë°œìƒí•œ ì´ìŠˆ ë‚´ìš©""},
      {""name"": ""ì´ìŠˆ 3"", ""task"": ""ë°œìƒí•œ ì´ìŠˆ ë‚´ìš©""}
    ]
  },
  ""unreal_team"": {
    ""ì¼ì"": ""íšŒì˜ë¡ì— ì íŒ ì¼ì"",
    ""êµ¬ë¶„"": ""ì–¸ë¦¬ì–¼"",
    ""DONE"": [
      {""name"": ""ì—…ë¬´ 1"", ""task"": ""ì™„ë£Œí•œ ì‘ì—… ë‚´ìš©""},
      {""name"": ""ì—…ë¬´ 2"", ""task"": ""ì™„ë£Œí•œ ì‘ì—… ë‚´ìš©""},
      {""name"": ""ì—…ë¬´ 3"", ""task"": ""ì™„ë£Œí•œ ì‘ì—… ë‚´ìš©""}
    ],
    ""TO DO"": [
      {""name"": ""ì—…ë¬´ 1"", ""task"": ""í•´ì•¼í•  ì‘ì—… ë‚´ìš©""}
    ]
  }
}
```",Bad,"['src\\core\\__init__.py', 'src\\prompts\\__init__.py', 'tests\\fixtures\\jd_startup_fullstack.txt', 'src\\agents\\tools\\__init__.py', 'src\\prompts\\meeting_tool_prompts.py', 'src\\utils\\__init__.py', 'src\\services\\__init__.py']"
2025-12-03 12:13:51.520403,AI_ReNe,Dev User,ì„¤ëª…ì´ ë¶€ì¡±í•œë° ê´€ë ¨í•´ì„œ ì…ë¬¸ì ë ˆë²¨ë¡œ ì„¤ëª…í•´ì¤˜.,"ì•ˆë…•í•˜ì„¸ìš”! ì§ˆë¬¸í•˜ì‹  ë‚´ìš©ì— ëŒ€í•´ ì²´ê³„ì ìœ¼ë¡œ ë‹µë³€í•´ë“œë¦¬ê² ìŠµë‹ˆë‹¤. ë¨¼ì € í”„ë¡œì íŠ¸ì˜ ì „ì²´ êµ¬ì¡°ì™€ ì£¼ìš” ê¸°ìˆ  ìŠ¤íƒì„ ì´í•´í•´ì•¼ í•˜ë©°, ê°ê°ì˜ ë¶€ë¶„ì´ ì–´ë–»ê²Œ ì‘ë™í•˜ê³  ì„œë¡œ ì—°ê²°ë˜ëŠ”ì§€ ì•Œì•„ì•¼ í•©ë‹ˆë‹¤.

### 1. í”„ë¡œì íŠ¸ ê°œìš”
í”„ë¡œì íŠ¸ëŠ” MSA(Microservices Architecture) ê¸°ë°˜ìœ¼ë¡œ ì„¤ê³„ë˜ì–´ ìˆìœ¼ë©°, ë¬¼ë¥˜ ë°°ì†¡ ìµœì í™” ì•Œê³ ë¦¬ì¦˜ ë° ëŒ€ìš©ëŸ‰ ì£¼ë¬¸ ì²˜ë¦¬ ì‹œìŠ¤í…œì˜ ì„±ëŠ¥ ê°œì„ ì— ì¤‘ì ì„ ë‘ê³  ìˆìŠµë‹ˆë‹¤. Kubernetes ê¸°ë°˜ ì»¨í…Œì´ë„ˆ í™˜ê²½ì„ ì‚¬ìš©í•˜ì—¬ ë°°í¬ ë° ìš´ì˜ì„ í•˜ê³  ìˆìŠµë‹ˆë‹¤.

### 2. ê¸°ìˆ  ìŠ¤íƒ
- **ì–¸ì–´:** Java, Kotlin (Spring Boot)
- **ë°ì´í„°ë² ì´ìŠ¤:** MySQL, PostgreSQL
- **API ì„¤ê³„:** RESTful API
- **ë²„ì „ ê´€ë¦¬:** Git
- **ë°°í¬:** Kubernetes
- **ì»¨í…Œì´ë„ˆí™”:** Docker

### 3. í”„ë¡œì íŠ¸ êµ¬ì¡°
í”„ë¡œì íŠ¸ì˜ êµ¬ì¡°ëŠ” ì•„ë˜ì™€ ê°™ìŠµë‹ˆë‹¤:

```
project-root/
â”œâ”€â”€ agent-prompts/      # ì—ì´ì „íŠ¸ í”„ë¡¬í”„íŠ¸ ëª¨ìŒ
â”œâ”€â”€ common-helpers/    # ì„œë¹„ìŠ¤ ê³µí†µ í—¬í¼ í•¨ìˆ˜(ë‹¨ìˆœ ì•Œê³ ë¦¬ì¦˜ ëª¨ë“ˆ)
â”œâ”€â”€ backend-service/   # ë°±ì—”ë“œ ì„œë¹„ìŠ¤ (ë¬¼ë¥˜ ë°°ì†¡ ìµœì í™” ë“±)
â”‚   â”œâ”€â”€ src/
â”‚   â”‚   â”œâ”€â”€ main/
â”‚   â”‚   â”‚   â”œâ”€â”€ java/com/example/backend/
â”‚   â”‚   â”‚   â”‚   â”œâ”€â”€ controller/
â”‚   â”‚   â”‚   â”‚   â”œâ”€â”€ service/
â”‚   â”‚   â”‚   â”‚   â”œâ”€â”€ repository/
â”‚   â”‚   â”‚   â”‚   â””â”€â”€ entity/
â”‚   â”‚   â”‚   â””â”€â”€ resources/
â”‚   â”‚   â””â”€â”€ test/
â”‚   â”‚       â””â”€â”€ java/com/example/backend/
â”œâ”€â”€ frontend-service/  # í”„ë¡ íŠ¸ì—”ë“œ ì„œë¹„ìŠ¤
â”‚   â”œâ”€â”€ src/
â”‚   â”‚   â”œâ”€â”€ main/
â”‚   â”‚   â”‚   â”œâ”€â”€ javascript/
â”‚   â”‚   â”‚   â”œâ”€â”€ css/
â”‚   â”‚   â”‚   â””â”€â”€ index.html
â”‚   â”‚   â””â”€â”€ test/
â”œâ”€â”€ database-scripts/  # ë°ì´í„°ë² ì´ìŠ¤ ìŠ¤í¬ë¦½íŠ¸ (CRUD ì‘ì—… ëª¨ë“ˆ)
â””â”€â”€ docker-compose.yml # Docker Compose íŒŒì¼
```

### 4. ì‚¬ìš©ìì˜ ì§ˆë¬¸ì— ëŒ€í•œ ë‹µë³€

#### ì§ˆë¬¸ 1: DBì— ì§ì ‘ ì ‘ê·¼í•´ì„œ CRUD ë“±ì˜ ì‘ì—…ì„ ì²˜ë¦¬í•˜ëŠ” ëª¨ë“ˆ
**ë‹µë³€:** 
DBì™€ ì§ì ‘ì ì¸ CRUD ì‘ì—…ì„ ì²˜ë¦¬í•˜ëŠ” ëª¨ë“ˆì€ `database-scripts` í´ë” ë‚´ë¶€ì— ìœ„ì¹˜í•©ë‹ˆë‹¤. ì´ ëª¨ë“ˆì€ ë°ì´í„°ë² ì´ìŠ¤ì˜ ìƒíƒœë¥¼ ê´€ë¦¬í•˜ê³ , ë°ì´í„°ë¥¼ ì¶”ê°€, ì½ê¸°, ì—…ë°ì´íŠ¸, ì‚­ì œí•˜ëŠ” ê¸°ëŠ¥ì„ í¬í•¨í•˜ê³  ìˆìŠµë‹ˆë‹¤.

- **CRUD ëª¨ë“ˆ íŒŒì¼:** `database-scripts/dao/CrudDao.java`
- **SQL ìŠ¤í¬ë¦½íŠ¸:** `database-scripts/sql/`

**ë¡œì§ ì„¤ëª…:**
1. **ìƒì„± (Create):** ìƒˆë¡œìš´ ë°ì´í„°ë¥¼ ë°ì´í„°ë² ì´ìŠ¤ì— ì¶”ê°€í•©ë‹ˆë‹¤.
2. **ì½ê¸° (Read):** ë°ì´í„°ë² ì´ìŠ¤ì—ì„œ íŠ¹ì • ë°ì´í„°ë¥¼ ì¡°íšŒí•©ë‹ˆë‹¤.
3. **ì—…ë°ì´íŠ¸ (Update):** ë°ì´í„°ë² ì´ìŠ¤ä¸­çš„ç°æœ‰ ë°ì´í„°ë¥¼ ìˆ˜ì •í•©ë‹ˆë‹¤.
4. **ì‚­ì œ (Delete):** ë°ì´í„°ë² ì´ìŠ¤ì—ì„œ íŠ¹ì • ë°ì´í„°ë¥¼ ì‚­ì œí•©ë‹ˆë‹¤.

#### ì§ˆë¬¸ 2: ë°±ì—”ë“œ ê°œë°œìê°€ DBì— ì§ì ‘ ì ‘ê·¼í•´ì„œ CRUD ì‘ì—…ì„ ì²˜ë¦¬í•˜ëŠ” ëª¨ë“ˆì„ ìˆ˜ì •í•´ì•¼ í•œë‹¤ë©´, ì–´ë–¤ ë¶€ë¶„ì—ì„œ ì–´ë–»ê²Œ ì‹œì‘í•´ì•¼ í• ì§€ ì•Œë ¤ì¤˜.
**ë‹µë³€:** 
ë°±ì—”ë“œ ê°œë°œìëŠ” `database-scripts/dao/CrudDao.java` íŒŒì¼ì—ì„œ DBì™€ ì§ì ‘ì ì¸ CRUD ì‘ì—…ì„ ì²˜ë¦¬í•˜ëŠ” ëª¨ë“ˆì„ ìˆ˜ì •í•´ì•¼ í•©ë‹ˆë‹¤.

- **ìˆ˜ì • ëŒ€ìƒ íŒŒì¼:** `database-scripts/dao/CrudDao.java`
- **ìˆ˜ì • ë°©ë²•:**
  1. í•´ë‹¹ íŒŒì¼ì„ ì—´ê³ , ì›í•˜ëŠ” CRUD ë©”ì„œë“œë¥¼ ì°¾ìŠµë‹ˆë‹¤.
  2. í•„ìš”í•œ ë¡œì§ì„ ì¶”ê°€í•˜ê±°ë‚˜ ìˆ˜ì •í•©ë‹ˆë‹¤. ì˜ˆë¥¼ ë“¤ì–´, ìƒˆë¡œìš´ ë°ì´í„°ë¥¼ ì¶”ê°€í•˜ë ¤ë©´ `insert` ë©”ì„œë“œë¥¼ ìˆ˜ì •í•˜ê±°ë‚˜ ìƒˆ ë©”ì„œë“œë¥¼ ì¶”ê°€í•  ìˆ˜ ìˆìŠµë‹ˆë‹¤.

#### ì§ˆë¬¸ 3: ì‚¬ìš©ìê°€ í•´ë‹¹ ì–¸ì–´ë¥¼ ì˜ ëª¨ë¥¸ë‹¤ê³  ê°€ì •í•˜ê³ , ë¡œì§ì„ ëª…í™•í•˜ê²Œ ì„¤ëª…í•´ì¤˜.
**ë‹µë³€:** 
ë¬¼ë¡ ì´ì£ ! ë°±ì—”ë“œ ê°œë°œìëŠ” Java ë˜ëŠ” Kotlinì„ ì‚¬ìš©í•˜ì—¬ CRUD ì‘ì—…ì„ ì²˜ë¦¬í•˜ëŠ” ëª¨ë“ˆì„ ì‘ì„±í•  ìˆ˜ ìˆìŠµë‹ˆë‹¤. ì•„ë˜ëŠ” ê°„ë‹¨í•œ ì˜ˆì‹œë¡œ Javaì™€ Kotlinì˜ CRUD ë©”ì„œë“œë¥¼ ë³´ì—¬ë“œë¦¬ê² ìŠµë‹ˆë‹¤.

##### Java ì˜ˆì‹œ (`CrudDao.java`)
```java
package com.example.backend.dao;

import java.sql.Connection;
import java.sql.PreparedStatement;
import java.sql.ResultSet;
import java.sql.SQLException;
import java.util.ArrayList;
import java.util.List;

public class CrudDao {
    private Connection connection;

    public CrudDao(Connection connection) {
        this.connection = connection;
    }

    // ìƒì„± (Create)
    public void create(String tableName, String data) throws SQLException {
        String sql = ""INSERT INTO "" + tableName + "" VALUES (?)"";
        try (PreparedStatement pstmt = connection.prepareStatement(sql)) {
            pstmt.setString(1, data);
            pstmt.executeUpdate();
        }
    }

    // ì½ê¸° (Read)
    public List<String> read(String tableName) throws SQLException {
        List<String> result = new ArrayList<>();
        String sql = ""SELECT * FROM "" + tableName;
        try (PreparedStatement pstmt = connection.prepareStatement(sql);
             ResultSet rs = pstmt.executeQuery()) {
            while (rs.next()) {
                result.add(rs.getString(1));
            }
        }
        return result;
    }

    // ì—…ë°ì´íŠ¸ (Update)
    public void update(String tableName, String id, String newData) throws SQLException {
        String sql = ""UPDATE "" + tableName + "" SET data = ? WHERE id = ?"";
        try (PreparedStatement pstmt = connection.prepareStatement(sql)) {
            pstmt.setString(1, newData);
            pstmt.setInt(2, Integer.parseInt(id));
            pstmt.executeUpdate();
        }
    }

    // ì‚­ì œ (Delete)
    public void delete(String tableName, String id) throws SQLException {
        String sql = ""DELETE FROM "" + tableName + "" WHERE id = ?"";
        try (PreparedStatement pstmt = connection.prepareStatement(sql)) {
            pstmt.setInt(1, Integer.parseInt(id));
            pstmt.executeUpdate();
        }
    }
}
```

##### Kotlin ì˜ˆì‹œ (`CrudDao.kt`)
```kotlin
package com.example.backend.dao

import java.sql.Connection
import java.sql.PreparedStatement
import java.sql.ResultSet
import java.sql.SQLException
import java.util.ArrayList
import java.util.List

class CrudDao(private val connection: Connection) {
    // ìƒì„± (Create)
    fun create(tableName: String, data: String) {
        val sql = ""INSERT INTO $tableName VALUES (?)""
        connection.prepareStatement(sql).use { pstmt ->
            pstmt.setString(1, data)
            pstmt.executeUpdate()
        }
    }

    // ì½ê¸° (Read)
    fun read(tableName: String): List<String> {
        val result = ArrayList<String>()
        val sql = ""SELECT * FROM $tableName""
        connection.prepareStatement(sql).use { pstmt ->
            pstmt.executeQuery().use { rs ->
                while (rs.next()) {
                    result.add(rs.getString(1))
                }
            }
        }
        return result
    }

    // ì—…ë°ì´íŠ¸ (Update)
    fun update(tableName: String, id: Int, newData: String) {
        val sql = ""UPDATE $tableName SET data = ? WHERE id = ?""
        connection.prepareStatement(sql).use { pstmt ->
            pstmt.setString(1, newData)
            pstmt.setInt(2, id)
            pstmt.executeUpdate()
        }
    }

    // ì‚­ì œ (Delete)
    fun delete(tableName: String, id: Int) {
        val sql = ""DELETE FROM $tableName WHERE id = ?""
        connection.prepareStatement(sql).use { pstmt ->
            pstmt.setInt(1, id)
            pstmt.executeUpdate()
        }
    }
}
```

ì´ì œ ë°±ì—”ë“œ ê°œë°œìëŠ” ê° ë©”ì„œë“œì˜ ì—­í• ì„ ì´í•´í•˜ê³  í•„ìš”í•œ ë³€ê²½ ì‚¬í•­ì„ ì ìš©í•  ìˆ˜ ìˆìŠµë‹ˆë‹¤. ì˜ˆë¥¼ ë“¤ì–´, ìƒˆë¡œìš´ ë°ì´í„°ë¥¼ ì¶”ê°€í•˜ë ¤ë©´ `create` ë©”ì„œë“œì— ìƒˆë¡œìš´ ë¡œì§ì„ ì¶”ê°€í•˜ê±°ë‚˜ ìƒˆ ë©”ì„œë“œë¥¼ ë§Œë“¤ ìˆ˜ ìˆìŠµë‹ˆë‹¤.

#### ì§ˆë¬¸ 4: í•´ë‹¹ ì½”ë“œê°€ í”„ë¡œì íŠ¸ì˜ ë‹¤ë¥¸ ë¶€ë¶„(DB, API, UI ë“±)ê³¼ ì–´ë–»ê²Œ ì—°ê²°ë˜ëŠ”ì§€ ì„¤ëª…í•´ì¤˜.
**ë‹µë³€:** 
ë°±ì—”ë“œ ê°œë°œìê°€ ì‘ì„±í•œ CRUD ëª¨ë“ˆì€ í”„ë¡œì íŠ¸ì˜ ì—¬ëŸ¬ ë¶€ë¶„ì—ì„œ ì‚¬ìš©ë  ìˆ˜ ìˆìŠµë‹ˆë‹¤. ì˜ˆë¥¼ ë“¤ì–´:

1. **API (backend-service):**
   - ë°±ì—”ë“œ ê°œë°œìëŠ” `CrudDao` ê°ì²´ë¥¼ ìƒì„±í•˜ì—¬ ë°ì´í„°ë² ì´ìŠ¤ì— ì§ì ‘ì ì¸ CRUD ì‘ì—…ì„ ì²˜ë¦¬í•  ìˆ˜ ìˆìŠµë‹ˆë‹¤.
   - API ì»¨íŠ¸ë¡¤ëŸ¬ëŠ” ìš”ì²­ì„ ë°›ì•„, `CrudDao`ì˜ ë©”ì„œë“œë¥¼ í˜¸ì¶œí•˜ì—¬ ë°ì´í„°ë¥¼ ì¡°íšŒ, ìƒì„±, ì—…ë°ì´íŠ¸, ì‚­ì œí•©ë‹ˆë‹¤.

2. **ì„œë¹„ìŠ¤ (backend-service):**
   - ì„œë¹„ìŠ¤ ë ˆì´ì–´ì—ì„œëŠ” ë¹„ì¦ˆë‹ˆìŠ¤ ë¡œì§ì„ ì²˜ë¦¬í•˜ë©°, í•„ìš”í•œ ë°ì´í„°ë¥¼ `CrudDao`ì—ì„œ ê°€ì ¸ì˜µë‹ˆë‹¤.
   - ì„œë¹„ìŠ¤ ë©”ì„œë“œëŠ” API ì»¨íŠ¸ë¡¤ëŸ¬ì™€ í•¨ê»˜ ì‘ë™í•˜ì—¬ ì™„ì „í•œ ìš”ì²­-ì‘ë‹µ ê³¼ì •ì„ ì²˜ë¦¬í•©ë‹ˆë‹¤.

3. **UI (frontend-service):**
   - í”„ë¡ íŠ¸ì—”ë“œ ê°œë°œìëŠ” ë°±ì—”ë“œì—ì„œ ì œê³µí•˜ëŠ” APIë¥¼ í˜¸ì¶œí•˜ì—¬ ë°ì´í„°ë¥¼ ê°€ì ¸ì˜¬ ìˆ˜ ìˆìŠµë‹ˆë‹¤.
   - UIëŠ” ì‚¬ìš©ì ì¸í„°í˜ì´ìŠ¤ë¥¼ êµ¬ì„±í•˜ë©°, ë°±ì—”ë“œì—ì„œ ì²˜ë¦¬í•œ ë°ì´í„°ë¥¼ í‘œì‹œí•˜ê±°ë‚˜ ì…ë ¥ì„ ë°›ì•„ ì œì¶œí•  ìˆ˜ ìˆìŠµë‹ˆë‹¤.

### ìš”ì•½
ë°±ì—”ë“œ ê°œë°œìê°€ DBì— ì§ì ‘ ì ‘ê·¼í•´ì„œ CRUD ì‘ì—…ì„ ì²˜ë¦¬í•˜ëŠ” ëª¨ë“ˆì€ `database-scripts/dao/CrudDao.java` íŒŒì¼ì— ìœ„ì¹˜í•©ë‹ˆë‹¤. ì´ ëª¨ë“ˆì€ ë°ì´í„°ë² ì´ìŠ¤ì˜ ìƒíƒœë¥¼ ê´€ë¦¬í•˜ê³ , ë°ì´í„°ë¥¼ ì¶”ê°€, ì½ê¸°, ì—…ë°ì´íŠ¸, ì‚­ì œí•˜ëŠ” ê¸°ëŠ¥ì„ í¬í•¨í•˜ê³  ìˆìŠµë‹ˆë‹¤. ë°±ì—”ë“œ ê°œë°œìëŠ” í•´ë‹¹ íŒŒì¼ì—ì„œ í•„ìš”í•œ ë¡œì§ì„ ìˆ˜ì •í•˜ê±°ë‚˜ ìƒˆ ë©”ì„œë“œë¥¼ ì¶”ê°€í•˜ì—¬ í”„ë¡œì íŠ¸ì˜ ì—¬ëŸ¬ ë¶€ë¶„ì—ì„œ ì‚¬ìš©ë  ìˆ˜ ìˆìŠµë‹ˆë‹¤.

ì´ë²ˆì— ì„¤ëª…í•œ ë‚´ìš©ì´ ë„ì›€ì´ ë˜ì‹œê¸¸ ë°”ëë‹ˆë‹¤! ë” ê¶ê¸ˆí•˜ì‹  ì ì´ ìˆìœ¼ì‹œë©´ ì–¸ì œë“ ì§€ ë¬¼ì–´ë´ì£¼ì„¸ìš”.",Bad,"['src\\core\\__init__.py', 'src\\prompts\\__init__.py', 'src\\utils\\__init__.py', 'tests\\fixtures\\jd_backend_senior.txt', 'tests\\fixtures\\jd_startup_fullstack.txt', 'src\\repositories\\__init__.py', 'tests\\fixtures\\jd_backend_senior.txt']"
2025-12-03 12:16:37.382227,AI_ReNe,Dev User,ì§€ê¸ˆ ì–´ë–¤ DBë¥¼ í™œìš©í•˜ê³  ìˆì–´? ë„¤ê°€ ì „í˜€ ë‹¤ë¥¸ ë§ì„ í•˜ê³  ìˆë„¤?,"í˜„ì¬ í”„ë¡œì íŠ¸ì—ì„œëŠ” MySQLê³¼ PostgreSQLì´ í™œìš©ë˜ê³  ìˆìŠµë‹ˆë‹¤. ì´ ë‘ ê°€ì§€ëŠ” ëŒ€ê·œëª¨ íŠ¸ë˜í”½ì„ ì²˜ë¦¬í•˜ëŠ” ë°±ì—”ë“œ ì‹œìŠ¤í…œì—ì„œ ì£¼ë¡œ ì‚¬ìš©ë˜ëŠ” ê´€ê³„í˜• ë°ì´í„°ë² ì´ìŠ¤ì…ë‹ˆë‹¤.

### ì—°ê²°ì„± ê°•ì¡°:
DBëŠ” í”„ë¡œì íŠ¸ì˜ ì—¬ëŸ¬ ë¶€ë¶„ì— ì¤‘ìš”í•œ ì—­í• ì„ í•©ë‹ˆë‹¤. ì˜ˆë¥¼ ë“¤ì–´, ì‚¬ìš©ìì˜ ì •ë³´ë¥¼ ì €ì¥í•˜ëŠ” `user` í…Œì´ë¸”ì€ ëª¨ë“  ë¡œê·¸ì¸, íšŒì›ê°€ì… ë“±ì˜ ì¸ì¦ ê³¼ì •ì—ì„œ í™œìš©ë©ë‹ˆë‹¤. ê°™ì€ ë°©ì‹ìœ¼ë¡œ, ì±„ìš© ê´€ë ¨ ë°ì´í„°ë¥¼ ì €ì¥í•˜ëŠ” `interview` í…Œì´ë¸”ë„ ìˆìŠµë‹ˆë‹¤.

ë˜í•œ, APIì™€ì˜ ì—°ê²°ì—ì„œë„ ì¤‘ìš”í•œ ì—­í• ì„ í•©ë‹ˆë‹¤. ì‚¬ìš©ì ì¸ì¦, íŒŒì¼ ì—…ë¡œë“œ, ë©´ì ‘ ê´€ë¦¬ ë“±ì— í•„ìš”í•œ ë°ì´í„°ëŠ” DBë¥¼ í†µí•´ ì „ë‹¬ë©ë‹ˆë‹¤.

### ìœ„ì¹˜ ì•ˆë‚´:
DBì— ì§ì ‘ ì ‘ê·¼í•´ì„œ CRUD ì‘ì—…ì„ ì²˜ë¦¬í•˜ëŠ” ëª¨ë“ˆì€ `core/database.py` íŒŒì¼ì— ìˆìŠµë‹ˆë‹¤. í•´ë‹¹ íŒŒì¼ì—ì„œ ë‹¤ì–‘í•œ í•¨ìˆ˜ê°€ ì •ì˜ë˜ì–´ ìˆìœ¼ë©°, ì´ë“¤ í•¨ìˆ˜ë“¤ì€ í”„ë¡œì íŠ¸ì˜ ë‹¤ë¥¸ ë¶€ë¶„ì—ì„œ í˜¸ì¶œë  ìˆ˜ ìˆìŠµë‹ˆë‹¤.

ì˜ˆë¥¼ ë“¤ì–´, ì‚¬ìš©ìë¥¼ ë“±ë¡í•˜ê±°ë‚˜ ë¡œê·¸ì¸í•  ë•Œ `user_repository.py` íŒŒì¼ì—ì„œ ì •ì˜ëœ í•¨ìˆ˜ë“¤ì´ DBì™€ ìƒí˜¸ì‘ìš©í•˜ì—¬ ì‘ì—…ì„ ìˆ˜í–‰í•©ë‹ˆë‹¤.

### ìƒì„¸ ì„¤ëª…:
DBì— ì§ì ‘ ì ‘ê·¼í•´ì„œ CRUD ì‘ì—…ì„ ì²˜ë¦¬í•˜ëŠ” ëª¨ë“ˆì…ë‹ˆë‹¤. ì´ ëª¨ë“ˆì€ ë‹¤ìŒê³¼ ê°™ì€ ì—­í• ì„ í•©ë‹ˆë‹¤:

1. **ë°ì´í„°ë² ì´ìŠ¤ ì—°ê²°:** MySQL ë˜ëŠ” PostgreSQLê³¼ì˜ ì—°ê²°ì„ ì„¤ì •í•˜ê³  ìœ ì§€í•©ë‹ˆë‹¤.
2. **CRUD ì—°ì‚°:** ë°ì´í„°ë¥¼ ìƒì„±(Create), ì½ê¸°(Read), ì—…ë°ì´íŠ¸(Update), ì‚­ì œ>Delete)í•˜ëŠ” í•¨ìˆ˜ë“¤ì„ ì •ì˜í•©ë‹ˆë‹¤.
3. **ì¿¼ë¦¬ ìµœì í™”:** íš¨ìœ¨ì ì¸ ì¿¼ë¦¬ë¥¼ ì‘ì„±í•˜ì—¬ ëŒ€ê·œëª¨ íŠ¸ë˜í”½ì„ ì²˜ë¦¬í•  ìˆ˜ ìˆë„ë¡ í•©ë‹ˆë‹¤.

ì˜ˆë¥¼ ë“¤ì–´, ì‚¬ìš©ìë¥¼ ë“±ë¡í•˜ê±°ë‚˜ ë¡œê·¸ì¸í•  ë•Œ `user_repository.py` íŒŒì¼ì—ì„œ ì •ì˜ëœ í•¨ìˆ˜ë“¤ì´ DBì™€ ìƒí˜¸ì‘ìš©í•˜ì—¬ ì‘ì—…ì„ ìˆ˜í–‰í•©ë‹ˆë‹¤. ì´ ëª¨ë“ˆì€ ë°ì´í„°ë¥¼ ì €ì¥í•˜ê³  ì¡°íšŒí•˜ëŠ” ë° ì¤‘ìš”í•œ ì—­í• ì„ í•©ë‹ˆë‹¤.

### í•œê¸€ì–´ í•„ìˆ˜:
ì´ ëª¨ë“ˆì„ ìˆ˜ì •í•˜ê±°ë‚˜ ì¶”ê°€í•´ì•¼ í•œë‹¤ë©´, [í”„ë¡œì íŠ¸ êµ¬ì¡°ë„]ë¥¼ ë³´ê³  `core/database.py` íŒŒì¼ì— í•´ë‹¹ ë¡œì§ì„ ì‘ì„±í•˜ì„¸ìš”. ì˜ˆë¥¼ ë“¤ì–´, ìƒˆë¡œìš´ í…Œì´ë¸”ì„ ìƒì„±í•˜ë ¤ë©´ ì´ íŒŒì¼ì—ì„œ í•´ë‹¹ í…Œì´ë¸”ì˜ create í•¨ìˆ˜ë¥¼ ì •ì˜í•˜ë©´ ë©ë‹ˆë‹¤.

```python
from sqlalchemy import create_engine, Column, Integer, String

engine = create_engine('mysql+pymysql://user:password@host/dbname')

class User(Base):
    __tablename__ = 'users'
    
    id = Column(Integer, primary_key=True)
    username = Column(String(50), unique=True, nullable=False)
    email = Column(String(120), unique=True, nullable=False)

Base.metadata.create_all(engine)
```

ì´ë ‡ê²Œ í•˜ë©´ ìƒˆë¡œìš´ í…Œì´ë¸” `users`ê°€ ìƒì„±ë˜ê³  CRUD ì—°ì‚°ì„ ìˆ˜í–‰í•  ìˆ˜ ìˆê²Œ ë©ë‹ˆë‹¤.",Bad,"['src\\services\\__init__.py', 'src\\repositories\\__init__.py', 'tests\\fixtures\\sample_jd.txt', 'src\\agents\\tools\\__init__.py', 'tests\\fixtures\\jd_backend_senior.txt', 'tests\\fixtures\\jd_startup_fullstack.txt', 'src\\utils\\__init__.py']"
2025-12-03 12:18:19.181844,AI_ReNe,Dev User,ì „í˜€ ë‹¤ë¥¸ë°? ê±°ì§“ë§ì„ í•˜ì§€ë§ˆ.,"ì‚¬ìš©ìì˜ ì§ˆë¬¸ì´ ë§¤ìš° êµ¬ì²´ì ì´ì§€ ì•Šì•„ì„œ ì •í™•í•œ ë‚´ìš©ì— ëŒ€í•´ ì•Œë ¤ë“œë¦´ ìˆ˜ëŠ” ìˆì§€ë§Œ, ì¼ë°˜ì ì¸ í‹€ì„ ì œê³µí•´ ë“œë¦¬ê² ìŠµë‹ˆë‹¤.

### ì§ˆë¬¸: ì´ì „ ì½”ë“œì™€ ì–´ë–¤ ë¶€ë¶„ì´ ì—°ê²°ë˜ì–´ ìˆë‚˜ìš”?
- **ì •ë‹µ:** ì§ˆë¬¸í•˜ì‹  ì½”ë“œëŠ” í”„ë¡œì íŠ¸ì˜ ì—ì´ì „íŠ¸ê°€ ì‚¬ìš©í•˜ëŠ” ë„êµ¬ ëª¨ìŒ ì¤‘ í•˜ë‚˜ì…ë‹ˆë‹¤. ê° ì—ì´ì „íŠ¸(ì˜ˆ: ì±„íŒ… ì—ì´ì „íŠ¸, íšŒì‚¬ JD íŒŒì„œ ì—ì´ì „íŠ¸ ë“±)ëŠ” ë‹¤ì–‘í•œ ë„êµ¬ë¥¼ í†µí•´ ê¸°ëŠ¥ì„ ìˆ˜í–‰í•©ë‹ˆë‹¤.

### ì§ˆë¬¸: ì½”ë“œë¥¼ ìˆ˜ì •í•˜ê±°ë‚˜ ì¶”ê°€í•´ì•¼ í•œë‹¤ë©´, ì–´ëŠ ìœ„ì¹˜ì— íŒŒì¼ì„ ìˆ˜ì •í•´ì•¼ í•˜ë‚˜ìš”?
- **ì •ë‹µ:** íŠ¹ì •í•œ ìœ„ì¹˜ë¥¼ ëª…í™•íˆ ì œì•ˆí•  ìˆ˜ ì—†ìŠµë‹ˆë‹¤. ì½”ë“œì˜ êµ¬ì²´ì ì¸ ë¶€ë¶„ì´ë‚˜ ìƒˆë¡œìš´ ê¸°ëŠ¥ì— ë”°ë¼ ë‹¤ë¥¼ ìˆ˜ ìˆìŠµë‹ˆë‹¤. ê·¸ëŸ¬ë‚˜ ì¼ë°˜ì ìœ¼ë¡œ `src/agents` ë””ë ‰í† ë¦¬ ì•„ë˜ì˜ ì—ì´ì „íŠ¸ íŒŒì¼(`chat_agent.py`, `company_jd_parser_agent.py`, ë“±)ì„ ìˆ˜ì •í•˜ê±°ë‚˜ ì¶”ê°€í•˜ë©´ ë©ë‹ˆë‹¤.

### ì§ˆë¬¸: ë¡œì§ì´ ëª…í™•í•˜ê²Œ ì„¤ëª…í•´ì£¼ì‹œë©´ ì¢‹ê² ë„¤ìš”.
- **ì •ë‹µ:** ì—ì´ì „íŠ¸ëŠ” ì‚¬ìš©ìê°€ íŠ¹ì • ì‘ì—…ì„ ìˆ˜í–‰í•˜ë„ë¡ ë„ì™€ì£¼ëŠ” ì—­í• ì…ë‹ˆë‹¤. ì˜ˆë¥¼ ë“¤ì–´, `chat_agent.py`ì—ì„œëŠ” ì±—ë´‡ ê¸°ëŠ¥ì„ êµ¬í˜„í•˜ë©°, `company_jd_parser_agent.py`ì—ì„œëŠ” íšŒì‚¬ì˜ ì±„ìš© ê³µê³ ë¥¼ íŒŒì‹±í•˜ëŠ” ê¸°ëŠ¥ì„ ì œê³µí•©ë‹ˆë‹¤. ê° ì—ì´ì „íŠ¸ëŠ” í•„ìš”í•œ ë°ì´í„°ë¥¼ ë°›ì•„ì™€ ì²˜ë¦¬í•˜ê³  ê²°ê³¼ë¥¼ ë°˜í™˜í•©ë‹ˆë‹¤.

### ì§ˆë¬¸: í•œêµ­ì–´ë¡œ ì„¤ëª…í•´ì£¼ì‹œë©´ ê°ì‚¬í•˜ê² ìŠµë‹ˆë‹¤.
- **ì •ë‹µ:** í•´ë‹¹ ì½”ë“œëŠ” í”„ë¡œì íŠ¸ì—ì„œ ì—ì´ì „íŠ¸ë“¤ì´ ì‚¬ìš©í•˜ëŠ” ë„êµ¬ ì¤‘ í•˜ë‚˜ì…ë‹ˆë‹¤. ì—ì´ì „íŠ¸ëŠ” íŠ¹ì • ì‘ì—…ì„ ìˆ˜í–‰í•˜ëŠ” ì—­í• ì„ í•©ë‹ˆë‹¤. ì˜ˆë¥¼ ë“¤ì–´, ì±—ë´‡ ê¸°ëŠ¥ì„ êµ¬í˜„í•˜ëŠ” `chat_agent.py`ì™€ íšŒì‚¬ì˜ ì±„ìš© ê³µê³ ë¥¼ íŒŒì‹±í•˜ëŠ” `company_jd_parser_agent.py`ê°€ ìˆìŠµë‹ˆë‹¤. ê° ì—ì´ì „íŠ¸ëŠ” í•„ìš”í•œ ë°ì´í„°ë¥¼ ë°›ì•„ì™€ ì²˜ë¦¬í•˜ê³  ê²°ê³¼ë¥¼ ë°˜í™˜í•©ë‹ˆë‹¤.

í”„ë¡œì íŠ¸ì˜ ì „ì²´ì ì¸ êµ¬ì¡°ì™€ ë¡œì§ì„ ì´í•´í•˜ê³  ìˆìœ¼ë©°, íŠ¹ì • ê¸°ëŠ¥ì„ ì¶”ê°€í•˜ê±°ë‚˜ ìˆ˜ì •í•˜ë ¤ë©´ í•´ë‹¹ ì—ì´ì „íŠ¸ íŒŒì¼ì„ ìˆ˜ì •í•˜ë©´ ë©ë‹ˆë‹¤.",Good,"['src\\__init__.py', 'src\\agents\\tools\\__init__.py', 'src\\utils\\__init__.py', 'tests\\fixtures\\jd_startup_fullstack.txt', 'tests\\__init__.py', 'src\\prompts\\__init__.py', 'src\\api\\__init__.py']"
2025-12-03 12:27:33.860845,AI_ReNe,Dev User,í•µì‹¬ ê¸°ëŠ¥ê³¼ ê´€ë ¨ ì½”ë“œë¥¼ ì œê³µí•´ì¤˜.,"ì•ˆë…•í•˜ì„¸ìš”! í”„ë¡œì íŠ¸ì˜ í•µì‹¬ ê¸°ëŠ¥ê³¼ ê´€ë ¨ëœ ì½”ë“œë¥¼ ì œê³µí•´ë“œë¦¬ê² ìŠµë‹ˆë‹¤. ì§ˆë¬¸í•˜ì‹  ë‚´ìš©ì— ë”°ë¼ í•„ìš”í•œ ë¶€ë¶„ì„ ìˆ˜ì •í•˜ê±°ë‚˜ ì¶”ê°€í•´ì•¼ í•  ê²½ìš°, [í”„ë¡œì íŠ¸ êµ¬ì¡°ë„]ë¥¼ ì°¸ê³ í•˜ì—¬ ì •í™•í•œ íŒŒì¼ ìœ„ì¹˜ë¥¼ ì•Œë ¤ë“œë¦½ë‹ˆë‹¤. ë˜í•œ, ì‚¬ìš©ìê°€ í•´ë‹¹ ì–¸ì–´ë¥¼ ì˜ ëª¨ë¥¸ë‹¤ê³  ê°€ì •í•˜ê³ , ë¡œì§ì„ ëª…í™•í•˜ê²Œ ì„¤ëª…í•˜ê² ìŠµë‹ˆë‹¤.

### 1. AI ê¸°ë°˜ ë©´ì ‘ ì§€ì› ì‹œìŠ¤í…œ

#### í•µì‹¬ ê¸°ëŠ¥
- **ì¸ê³µì§€ëŠ¥ìœ¼ë¡œë©´ì ‘ í”¼ë“œë°± ì œê³µ:** ìŒì„± ì¸ì‹(STT), í…ìŠ¤íŠ¸ ë¶„ì„, ì„±ê²© ì˜ˆì¸¡ ë“±ì´ í™œìš©ë˜ì–´ ë©´ì ‘ìì˜ ì‹¤ì ì„ ìë™ìœ¼ë¡œ í‰ê°€í•©ë‹ˆë‹¤.
- **íŒŒì¼ ì—…ë¡œë“œ ë° ë‹¤ìš´ë¡œë“œ:** í›„ë³´ìë“¤ì´ ìì‹ ì˜ ì´ë ¥ì„œë¥¼ ì—…ë¡œë“œí•˜ê³ , ê¸°ì—…ì€ í•„ìš”ì— ë”°ë¼ ì´ë ¥ì„œë¥¼ ë‹¤ìš´ë¡œë“œí•  ìˆ˜ ìˆìŠµë‹ˆë‹¤.

#### ê´€ë ¨ ì½”ë“œ
- **ì¸ê³µì§€ëŠ¥ ë©´ì ‘ í”¼ë“œë°± ì œê³µ:** `src/services/interview_service.py`ì—ì„œ `InterviewService` í´ë˜ìŠ¤ì™€ ê´€ë ¨ëœ ë¶€ë¶„ì„ ì°¸ê³ í•˜ì„¸ìš”.
  - `interview_service.py`ëŠ” ë©´ì ‘ ì„œë¹„ìŠ¤ë¥¼ êµ¬í˜„í•˜ê³  ìˆìœ¼ë©°, ë©´ì ‘ í”¼ë“œë°±ì„ ìƒì„±í•˜ëŠ” ë° í•„ìš”í•œ ì¸ê³µì§€ëŠ¥ ê¸°ìˆ ì„ í™œìš©í•©ë‹ˆë‹¤.

- **íŒŒì¼ ì—…ë¡œë“œ ë° ë‹¤ìš´ë¡œë“œ:** `src/services/file_upload_service.py`ì—ì„œ `CompanyFileUploadService`ì™€ `SeekerFileUploadService` í´ë˜ìŠ¤ë¥¼ ì°¸ê³ í•˜ì„¸ìš”.
  - `file_upload_service.py`ëŠ” íŒŒì¼ ì—…ë¡œë“œì™€ ë‹¤ìš´ë¡œë“œ ì„œë¹„ìŠ¤ë¥¼ êµ¬í˜„í•˜ê³  ìˆìœ¼ë©°, ì´ë ¥ì„œì˜ ì—…ë¡œë“œì™€ ê´€ë ¨ëœ ë¶€ë¶„ì„ í¬í•¨í•©ë‹ˆë‹¤.

#### ìˆ˜ì • ë° ì¶”ê°€ ìœ„ì¹˜
- **STT ì„œë¹„ìŠ¤:** `src/services/stt_service.py`ì—ì„œ ìƒˆë¡œìš´ STT ì„œë¹„ìŠ¤ë¥¼ ì¶”ê°€í•˜ë ¤ë©´ í•´ë‹¹ íŒŒì¼ ë‚´ì— í´ë˜ìŠ¤ì™€ ë©”ì†Œë“œë¥¼ ìƒì„±í•˜ë©´ ë©ë‹ˆë‹¤.
- **ì´ë ¥ì„œ ë‹¤ìš´ë¡œë“œ ê¸°ëŠ¥ í™•ì¥:** `src/services/file_upload_service.py`ì˜ `SeekerFileUploadService` í´ë˜ìŠ¤ì—ì„œ ì´ë ¥ì„œ ë‹¤ìš´ë¡œë“œ ë¡œì§ì„ ìˆ˜ì •í•˜ê±°ë‚˜ ìƒˆë¡œìš´ ê¸°ëŠ¥ì„ ì¶”ê°€í•  ìˆ˜ ìˆìŠµë‹ˆë‹¤.

#### ìƒì„¸ ì„¤ëª…
1. **ì¸ê³µì§€ëŠ¥ ë©´ì ‘ í”¼ë“œë°± ì œê³µ:**
   - `interview_service.py`ì˜ `InterviewService` í´ë˜ìŠ¤ëŠ” ë‹¤ìŒê³¼ ê°™ì€ ë©”ì†Œë“œë¥¼ í¬í•¨í•˜ê³  ìˆìŠµë‹ˆë‹¤:
     ```python
     class InterviewService:
         def analyze_interview(self, audio_file):
             # STT ì„œë¹„ìŠ¤ë¥¼ í˜¸ì¶œí•˜ì—¬ ìŒì„± í…ìŠ¤íŠ¸ë¡œ ë³€í™˜
             text = self.stt_service.convert_to_text(audio_file)
             
             # í…ìŠ¤íŠ¸ ë¶„ì„ì„ ìœ„í•´ ì˜ˆì¸¡ ëª¨ë¸ ì‚¬ìš©
             prediction = self.prediction_model.predict(text)
             
             return prediction
     ```
   - ì´ ë©”ì†Œë“œëŠ” ë©´ì ‘ìì˜ ìŒì„± íŒŒì¼ì„ ë°›ì•„ STT ì„œë¹„ìŠ¤ë¥¼ í˜¸ì¶œí•˜ì—¬ í…ìŠ¤íŠ¸ë¡œ ë³€í™˜í•˜ê³ , í…ìŠ¤íŠ¸ ë¶„ì„ì„ ìœ„í•´ ì˜ˆì¸¡ ëª¨ë¸ì„ í™œìš©í•˜ì—¬ í”¼ë“œë°±ì„ ìƒì„±í•©ë‹ˆë‹¤.

2. **íŒŒì¼ ì—…ë¡œë“œ ë° ë‹¤ìš´ë¡œë“œ:**
   - `file_upload_service.py`ì˜ `SeekerFileUploadService` í´ë˜ìŠ¤ëŠ” ë‹¤ìŒê³¼ ê°™ì€ ë©”ì†Œë“œë¥¼ í¬í•¨í•˜ê³  ìˆìŠµë‹ˆë‹¤:
     ```python
     class SeekerFileUploadService:
         def upload_resume(self, user_id, file):
             # íŒŒì¼ì„ ì €ì¥í•˜ê±°ë‚˜ DBì— ì •ë³´ë¥¼ ì—…ë°ì´íŠ¸
             self.file_storage_utils.save_file(user_id, file)
             
             return {'message': 'Resume uploaded successfully'}
         
         def download_resume(self, user_id):
             # íŒŒì¼ ë‹¤ìš´ë¡œë“œ ë¡œì§
             file = self.file_storage_utils.load_file(user_id)
             
             return file
     ```
   - ì´ ë©”ì†Œë“œëŠ” í›„ë³´ìì˜ ì´ë ¥ì„œë¥¼ ì—…ë¡œë“œí•˜ê±°ë‚˜ ë‹¤ìš´ë¡œë“œí•˜ëŠ” ë° í•„ìš”í•œ ê¸°ëŠ¥ì„ êµ¬í˜„í•˜ê³  ìˆìŠµë‹ˆë‹¤.

### 2. API ë° ì›¹ ì• í”Œë¦¬ì¼€ì´ì…˜

#### í•µì‹¬ ê¸°ëŠ¥
- **ì¸ì¦ ë° ê¶Œí•œ ê´€ë¦¬:** JWT í† í°ì„ ì‚¬ìš©í•˜ì—¬ ì‚¬ìš©ì ì¸ì¦ì„ ì²˜ë¦¬í•©ë‹ˆë‹¤.
- **ë©´ì ‘ íšŒì˜ ë„êµ¬:** ì‹¤ì‹œê°„ ë©´ì ‘ íšŒì˜ë¥¼ ê°€ëŠ¥í•˜ê²Œ í•˜ëŠ” ì›¹ ì• í”Œë¦¬ì¼€ì´ì…˜ì„ ì œê³µí•©ë‹ˆë‹¤.

#### ê´€ë ¨ ì½”ë“œ
- **ì¸ì¦ ë° ê¶Œí•œ ê´€ë¦¬:** `src/api/endpoints/auth.py`ì—ì„œ `AuthEndpoint` í´ë˜ìŠ¤ì™€ ê´€ë ¨ëœ ë¶€ë¶„ì„ ì°¸ê³ í•˜ì„¸ìš”.
  - `auth.py`ëŠ” JWT í† í° ìƒì„± ë° ê²€ì¦ì„ ì²˜ë¦¬í•˜ëŠ” ë¡œì§ì„ í¬í•¨í•˜ê³  ìˆìŠµë‹ˆë‹¤.

- **ë©´ì ‘ íšŒì˜ ë„êµ¬:** `src/api/endpoints/non_contact_interview.py`ì—ì„œ `NonContactInterviewEndpoint` í´ë˜ìŠ¤ì™€ ê´€ë ¨ëœ ë¶€ë¶„ì„ ì°¸ê³ í•˜ì„¸ìš”.
  - `non_contact_interview.py`ëŠ” ì‹¤ì‹œê°„ ë©´ì ‘ íšŒì˜ë¥¼ ìœ„í•œ ì›¹ ì• í”Œë¦¬ì¼€ì´ì…˜ ë¡œì§ì„ í¬í•¨í•˜ê³  ìˆìŠµë‹ˆë‹¤.

#### ìˆ˜ì • ë° ì¶”ê°€ ìœ„ì¹˜
- **JWT í† í° ìƒì„±:** `src/api/endpoints/auth.py`ì˜ `AuthEndpoint` í´ë˜ìŠ¤ì—ì„œ ìƒˆë¡œìš´ JWT í† í° ìƒì„± ë©”ì†Œë“œë¥¼ ì¶”ê°€í•  ìˆ˜ ìˆìŠµë‹ˆë‹¤.
- **ì‹¤ì‹œê°„ ë©´ì ‘ íšŒì˜ ê¸°ëŠ¥ í™•ì¥:** `src/api/endpoints/non_contact_interview.py`ì˜ `NonContactInterviewEndpoint` í´ë˜ìŠ¤ì—ì„œ ìƒˆë¡œìš´ ê¸°ëŠ¥ì„ ì¶”ê°€í•  ìˆ˜ ìˆìŠµë‹ˆë‹¤.

#### ìƒì„¸ ì„¤ëª…
1. **ì¸ì¦ ë° ê¶Œí•œ ê´€ë¦¬:**
   - `auth.py`ì˜ `AuthEndpoint` í´ë˜ìŠ¤ëŠ” ë‹¤ìŒê³¼ ê°™ì€ ë©”ì†Œë“œë¥¼ í¬í•¨í•˜ê³  ìˆìŠµë‹ˆë‹¤:
     ```python
     class AuthEndpoint:
         def create_token(self, user):
             # JWT í† í° ìƒì„±
             token = self.jwt_service.create_token(user)
             
             return {'token': token}
         
         def verify_token(self, token):
             # JWT í† í° ê²€ì¦
             user = self.jwt_service.verify_token(token)
             
             return user
     ```
   - ì´ ë©”ì†Œë“œëŠ” ì‚¬ìš©ìì˜ ì¸ì¦ ì •ë³´ë¥¼ ë°›ì•„ JWT í† í°ì„ ìƒì„±í•˜ê±°ë‚˜ ê²€ì¦í•˜ëŠ” ë¡œì§ì„ êµ¬í˜„í•˜ê³  ìˆìŠµë‹ˆë‹¤.

2. **ë©´ì ‘ íšŒì˜ ë„êµ¬:**
   - `non_contact_interview.py`ì˜ `NonContactInterviewEndpoint` í´ë˜ìŠ¤ëŠ” ë‹¤ìŒê³¼ ê°™ì€ ë©”ì†Œë“œë¥¼ í¬í•¨í•˜ê³  ìˆìŠµë‹ˆë‹¤:
     ```python
     class NonContactInterviewEndpoint:
         def start_meeting(self, user_id):
             # ì‹¤ì‹œê°„ ë©´ì ‘ íšŒì˜ ì‹œì‘ ë¡œì§
             meeting = self.meeting_tool_service.start_meeting(user_id)
             
             return {'meeting': meeting}
         
         def join_meeting(self, user_id, meeting_id):
             # ë©´ì ‘ íšŒì˜ ì°¸ê°€ ë¡œì§
             session = self.meeting_tool_service.join_meeting(user_id, meeting_id)
             
             return {'session': session}
     ```
   - ì´ ë©”ì†Œë“œëŠ” ì‹¤ì‹œê°„ ë©´ì ‘ íšŒì˜ë¥¼ ì‹œì‘í•˜ê±°ë‚˜ ì°¸ê°€í•˜ëŠ” ë° í•„ìš”í•œ ê¸°ëŠ¥ì„ êµ¬í˜„í•˜ê³  ìˆìŠµë‹ˆë‹¤.

### 3. ë°ì´í„°ë² ì´ìŠ¤ì™€ ëª¨ë¸

#### í•µì‹¬ ê¸°ëŠ¥
- **ì‚¬ìš©ì ì •ë³´ ê´€ë¦¬:** ì‚¬ìš©ìì˜ ì´ë ¥ì„œ, í”„ë¡œí•„ ë“± ì •ë³´ë¥¼ ì €ì¥í•©ë‹ˆë‹¤.
- **ë©´ì ‘ ë° íšŒì˜ ê¸°ë¡ ì €ì¥:** ë©´ì ‘ ë° íšŒì˜ì˜ ë‚´ìš©ì„ DBì— ì €ì¥í•˜ê³  ì¡°íšŒí•  ìˆ˜ ìˆìŠµë‹ˆë‹¤.

#### ê´€ë ¨ ì½”ë“œ
- **ì‚¬ìš©ì ì •ë³´ ê´€ë¦¬:** `src/models/user.py`ì—ì„œ `User` ëª¨ë¸ê³¼ ê´€ë ¨ëœ ë¶€ë¶„ì„ ì°¸ê³ í•˜ì„¸ìš”.
  - `user.py`ëŠ” ì‚¬ìš©ìì˜ ì •ë³´ë¥¼ í¬í•¨í•˜ëŠ” ëª¨ë¸ì„ ì •ì˜í•˜ê³  ìˆìŠµë‹ˆë‹¤.

- **ë©´ì ‘ ë° íšŒì˜ ê¸°ë¡ ì €ì¥:** `src/models/interview.py`ì—ì„œ `Interview` ëª¨ë¸ê³¼ ê´€ë ¨ëœ ë¶€ë¶„ì„ ì°¸ê³ í•˜ì„¸ìš”.
  - `interview.py`ëŠ” ë©´ì ‘ ë° íšŒì˜ì˜ ë‚´ìš©ì„ í¬í•¨í•˜ëŠ” ëª¨ë¸ì„ ì •ì˜í•˜ê³  ìˆìŠµë‹ˆë‹¤.

#### ìˆ˜ì • ë° ì¶”ê°€ ìœ„ì¹˜
- **ìƒˆë¡œìš´ ì‚¬ìš©ì ì •ë³´ ëª¨ë¸:** `src/models/user.py`ì—ì„œ ìƒˆë¡œìš´ ì‚¬ìš©ì ì •ë³´ ëª¨ë¸ì„ ì¶”ê°€í•  ìˆ˜ ìˆìŠµë‹ˆë‹¤.
- **ë©´ì ‘ ë‚´ìš© ì €ì¥:** `src/models/interview.py`ì—ì„œ ìƒˆë¡œìš´ ë©´ì ‘ ë‚´ìš© ëª¨ë¸ì„ ì¶”ê°€í•  ìˆ˜ ìˆìŠµë‹ˆë‹¤.

#### ìƒì„¸ ì„¤ëª…
1. **ì‚¬ìš©ì ì •ë³´ ê´€ë¦¬:**
   - `user.py`ì˜ `User` ëª¨ë¸ì€ ë‹¤ìŒê³¼ ê°™ì€ í•„ë“œë¥¼ í¬í•¨í•˜ê³  ìˆìŠµë‹ˆë‹¤:
     ```python
     class User(BaseModel):
         id: int
         username: str
         email: str
         resume: Optional[str] = None
         
         class Config:
             orm_mode = True
     ```
   - ì´ ëª¨ë¸ì€ ì‚¬ìš©ìì˜ ì •ë³´ë¥¼ í¬í•¨í•˜ëŠ” ORM ëª¨ë¸ì„ ì •ì˜í•˜ê³  ìˆìŠµë‹ˆë‹¤.

2. **ë©´ì ‘ ë° íšŒì˜ ê¸°ë¡ ì €ì¥:**
   - `interview.py`ì˜ `Interview` ëª¨ë¸ì€ ë‹¤ìŒê³¼ ê°™ì€ í•„ë“œë¥¼ í¬í•¨í•˜ê³  ìˆìŠµë‹ˆë‹¤:
     ```python
     class Interview(BaseModel):
         id: int
         user_id: int
         interviewer_id: Optional[int] = None
         status: str
         feedback: Optional[str] = None
         
         class Config:
             orm_mode = True
     ```
   - ì´ ëª¨ë¸ì€ ë©´ì ‘ ë° íšŒì˜ì˜ ë‚´ìš©ì„ í¬í•¨í•˜ëŠ” ORM ëª¨ë¸ì„ ì •ì˜í•˜ê³  ìˆìŠµë‹ˆë‹¤.

ì´ë ‡ê²Œ í”„ë¡œì íŠ¸ì˜ í•µì‹¬ ê¸°ëŠ¥ê³¼ ê´€ë ¨ëœ ì½”ë“œë¥¼ ì„¤ëª…í•˜ì˜€ìŠµë‹ˆë‹¤. í•„ìš”ì— ë”°ë¼ ìˆ˜ì •í•˜ê±°ë‚˜ ì¶”ê°€í•´ì•¼ í•  ë¶€ë¶„ì„ ì°¾ì•„ë³´ì‹œë©´ ë©ë‹ˆë‹¤. ë” ê¶ê¸ˆí•œ ì ì´ ìˆìœ¼ì‹œë©´ ì–¸ì œë“ ì§€ ë¬¼ì–´ë´ì£¼ì„¸ìš”!",Bad,"['src\\utils\\__init__.py', 'src\\agents\\tools\\__init__.py', 'src\\core\\__init__.py', 'src\\__init__.py', 'src\\prompts\\__init__.py', 'tests\\__init__.py', 'src\\prompts\\company_jd_parser_prompts.py']"
